Data,Valor da Venda,Tipo de Calcado,Sexo do Cliente,Faixa Etaria do Cliente,Regiao da Loja
2024-06-21,209.85,Bota,Masculino,31-45,Oeste
2024-02-17,431.75,Sandalia,Feminino,18-30,Leste
2024-04-27,396.8,Sandalia,Feminino,31-45,Oeste
2024-07-11,374.24,Bota,Feminino,31-45,Centro
2024-11-19,335.04,Bota,Feminino,18-30,Norte
2024-09-08,188.32,Bota,Feminino,18-30,Norte
2024-07-14,291.78,Sapato,Masculino,18-30,Norte
2024-12-25,173.56,Tenis,Masculino,18-30,Norte
2024-01-10,53.91,Sapato,Masculino,31-45,Norte
2024-07-30,61.23,Tenis,Feminino,45+,Sul
2024-10-04,114.93,Sapato,Feminino,45+,Centro
2024-08-30,281.19,Tenis,Masculino,45+,Norte
2024-10-19,150.2,Tenis,Feminino,18-30,Norte
2024-03-28,216.27,Sandalia,Feminino,31-45,Oeste
2024-03-11,74.8,Sapato,Feminino,45+,Centro
2024-03-29,460.04,Bota,Feminino,31-45,Oeste
2024-11-10,448.23,Sapato,Feminino,31-45,Norte
2024-07-12,453.77,Bota,Feminino,18-30,Centro
2024-02-09,199.49,Sapato,Masculino,18-30,Centro
2024-03-28,370.82,Sandalia,Masculino,31-45,Centro
2024-06-23,242.12,Tenis,Feminino,31-45,Leste
2024-03-29,185.76,Bota,Masculino,31-45,Sul
2024-12-03,81.68,Tenis,Feminino,31-45,Sul
2024-06-14,239.83,Tenis,Feminino,31-45,Norte
2024-01-26,224.74,Tenis,Feminino,31-45,Sul
2024-11-29,122.18,Sandalia,Feminino,18-30,Centro
2024-03-13,207.59,Sapato,Feminino,31-45,Leste
2024-09-22,93.03,Tenis,Feminino,31-45,Sul
2024-04-25,442.0,Sandalia,Feminino,45+,Sul
2024-08-31,350.42,Sandalia,Feminino,45+,Leste
2024-07-16,136.72,Sandalia,Masculino,45+,Oeste
2024-12-01,463.14,Sapato,Masculino,18-30,Norte
2024-12-04,310.86,Bota,Masculino,31-45,Centro
2024-04-09,255.15,Tenis,Masculino,18-30,Leste
2024-06-26,339.06,Sandalia,Feminino,31-45,Oeste
2024-08-31,164.31,Bota,Masculino,18-30,Norte
2024-10-12,297.99,Bota,Masculino,18-30,Oeste
2024-05-27,109.36,Sandalia,Masculino,18-30,Norte
2024-05-27,140.23,Sapato,Masculino,18-30,Sul
2024-10-15,281.32,Bota,Feminino,45+,Leste
2024-09-22,93.87,Sapato,Feminino,18-30,Norte
2024-07-04,433.33,Sapato,Masculino,18-30,Leste
2024-05-07,227.99,Bota,Feminino,31-45,Leste
2024-02-02,154.89,Bota,Feminino,31-45,Oeste
2024-02-01,313.44,Bota,Masculino,45+,Centro
2024-07-21,386.08,Sapato,Feminino,18-30,Oeste
2024-09-01,324.04,Sapato,Masculino,31-45,Oeste
2024-05-31,310.56,Bota,Feminino,18-30,Centro
2024-06-12,126.54,Sandalia,Masculino,18-30,Centro
2024-07-02,358.86,Sandalia,Feminino,18-30,Oeste
2024-01-29,489.56,Sapato,Masculino,31-45,Leste
2024-10-17,323.87,Sandalia,Masculino,31-45,Sul
2024-05-08,197.77,Bota,Masculino,18-30,Centro
2024-05-08,411.21,Sapato,Feminino,18-30,Sul
2024-02-23,426.36,Sandalia,Masculino,18-30,Leste
2024-02-08,236.88,Sapato,Feminino,31-45,Centro
2024-09-01,237.02,Sandalia,Feminino,18-30,Norte
2024-09-30,471.48,Sandalia,Feminino,45+,Norte
2024-12-01,374.98,Tenis,Feminino,18-30,Oeste
2024-04-15,64.81,Sandalia,Feminino,45+,Sul
2024-02-12,241.68,Tenis,Feminino,31-45,Norte
2024-02-01,92.25,Bota,Masculino,18-30,Oeste
2024-09-14,490.35,Tenis,Masculino,31-45,Oeste
2024-11-17,308.85,Sapato,Masculino,45+,Oeste
2024-02-27,339.66,Bota,Feminino,31-45,Leste
2024-10-18,214.01,Tenis,Feminino,31-45,Sul
2024-12-24,350.47,Bota,Feminino,31-45,Centro
2024-04-29,307.33,Sandalia,Masculino,18-30,Oeste
2024-09-24,398.61,Bota,Feminino,31-45,Centro
2024-03-23,455.05,Sandalia,Feminino,45+,Norte
2024-04-01,231.94,Sapato,Masculino,18-30,Leste
2024-04-09,452.91,Sandalia,Feminino,45+,Centro
2024-02-23,79.29,Sandalia,Feminino,45+,Oeste
2024-05-01,358.46,Sandalia,Masculino,18-30,Leste
2024-03-25,153.98,Tenis,Feminino,31-45,Oeste
2024-07-22,292.49,Sapato,Masculino,31-45,Leste
2024-11-20,397.87,Bota,Feminino,31-45,Centro
2024-09-19,385.96,Sandalia,Feminino,31-45,Centro
2024-02-17,374.64,Bota,Masculino,31-45,Norte
2024-05-07,267.3,Bota,Feminino,45+,Sul
2024-05-11,137.31,Sandalia,Masculino,45+,Oeste
2024-12-22,142.5,Tenis,Feminino,18-30,Oeste
2024-06-29,290.96,Sapato,Feminino,31-45,Norte
2024-11-30,247.02,Sandalia,Masculino,31-45,Leste
2024-05-23,488.75,Sandalia,Feminino,31-45,Leste
2024-05-28,185.37,Sapato,Feminino,45+,Centro
2024-08-15,85.54,Tenis,Masculino,18-30,Centro
2024-10-06,377.1,Sapato,Masculino,31-45,Oeste
2024-07-26,488.94,Sandalia,Feminino,18-30,Sul
2024-12-07,401.94,Sapato,Feminino,45+,Oeste
2024-02-18,161.17,Bota,Feminino,31-45,Leste
2024-11-01,66.45,Bota,Masculino,45+,Sul
2024-03-10,233.11,Bota,Feminino,31-45,Sul
2024-06-18,444.99,Tenis,Feminino,18-30,Norte
2024-06-12,244.4,Bota,Masculino,31-45,Centro
2024-04-05,177.84,Sapato,Masculino,31-45,Sul
2024-07-16,470.89,Tenis,Masculino,45+,Oeste
2024-04-04,397.52,Sapato,Masculino,18-30,Leste
2024-09-13,324.94,Tenis,Masculino,18-30,Centro
2024-06-27,51.2,Sapato,Feminino,31-45,Oeste
2024-10-19,469.18,Sandalia,Feminino,45+,Leste
2024-10-31,353.23,Tenis,Feminino,31-45,Oeste
2024-12-15,151.01,Sandalia,Masculino,45+,Oeste
2024-04-08,61.14,Sandalia,Feminino,31-45,Centro
2024-02-12,53.36,Sandalia,Masculino,31-45,Leste
2024-07-20,467.33,Sandalia,Feminino,45+,Oeste
2024-01-01,361.92,Sandalia,Feminino,31-45,Sul
2024-02-13,367.32,Sandalia,Masculino,18-30,Centro
2024-01-24,318.23,Sapato,Feminino,18-30,Norte
2024-07-06,291.76,Bota,Masculino,45+,Sul
2024-05-10,255.01,Tenis,Masculino,45+,Leste
2024-04-08,320.09,Sapato,Feminino,31-45,Sul
2024-03-03,344.34,Sapato,Masculino,31-45,Oeste
2024-08-10,217.87,Sapato,Feminino,18-30,Norte
2024-05-03,350.71,Sapato,Feminino,45+,Centro
2024-03-23,255.6,Bota,Masculino,45+,Norte
2024-08-15,88.28,Bota,Feminino,18-30,Sul
2024-05-28,154.93,Tenis,Feminino,45+,Norte
2024-07-28,86.62,Tenis,Masculino,31-45,Leste
2024-02-20,194.91,Sapato,Feminino,45+,Oeste
2024-09-27,325.1,Tenis,Feminino,45+,Oeste
2024-02-11,215.43,Sandalia,Feminino,31-45,Leste
2024-02-28,376.8,Sapato,Masculino,31-45,Oeste
2024-07-12,355.13,Tenis,Masculino,18-30,Centro
2024-02-06,115.11,Tenis,Feminino,18-30,Oeste
2024-09-23,125.62,Sandalia,Masculino,18-30,Oeste
2024-03-27,79.0,Sapato,Feminino,45+,Sul
2024-02-13,168.95,Bota,Masculino,31-45,Norte
2024-12-26,206.76,Sapato,Masculino,45+,Oeste
2024-01-12,89.71,Bota,Feminino,31-45,Sul
2024-09-15,321.0,Tenis,Feminino,31-45,Leste
2024-11-03,371.47,Bota,Feminino,45+,Centro
2024-03-21,120.75,Sapato,Masculino,45+,Leste
2024-02-02,203.96,Tenis,Masculino,45+,Centro
2024-07-01,377.26,Bota,Feminino,31-45,Sul
2024-05-08,348.49,Bota,Masculino,31-45,Leste
2024-10-21,434.51,Sapato,Masculino,45+,Sul
2024-10-02,299.57,Tenis,Feminino,31-45,Centro
2024-06-23,61.59,Tenis,Masculino,31-45,Oeste
2024-02-12,75.79,Bota,Masculino,45+,Sul
2024-07-03,86.03,Bota,Masculino,31-45,Norte
2024-03-18,282.71,Bota,Masculino,18-30,Oeste
2024-10-13,389.8,Sandalia,Masculino,45+,Oeste
2024-10-07,64.52,Tenis,Masculino,18-30,Norte
2024-05-05,255.51,Bota,Feminino,18-30,Leste
2024-09-15,421.16,Bota,Feminino,18-30,Norte
2024-01-04,350.87,Tenis,Masculino,18-30,Oeste
2024-04-04,295.66,Sandalia,Masculino,18-30,Leste
2024-08-14,314.97,Tenis,Feminino,18-30,Leste
2024-12-29,453.42,Sandalia,Feminino,45+,Centro
2024-09-26,308.79,Sapato,Masculino,45+,Norte
2024-10-23,239.82,Tenis,Feminino,31-45,Oeste
2024-11-24,366.33,Tenis,Feminino,45+,Sul
2024-01-20,210.74,Sapato,Masculino,18-30,Centro
2024-04-05,487.81,Tenis,Feminino,45+,Sul
2024-11-24,442.54,Sapato,Feminino,18-30,Leste
2024-09-05,120.49,Sandalia,Masculino,18-30,Oeste
2024-06-29,357.86,Tenis,Masculino,45+,Oeste
2024-11-19,65.33,Sapato,Masculino,18-30,Norte
2024-11-13,448.34,Bota,Masculino,18-30,Oeste
2024-09-27,430.18,Sandalia,Masculino,18-30,Oeste
2024-12-18,279.56,Sandalia,Feminino,18-30,Norte
2024-09-17,107.46,Bota,Masculino,18-30,Norte
2024-08-25,329.66,Bota,Masculino,45+,Oeste
2024-05-19,157.7,Sapato,Feminino,18-30,Oeste
2024-03-27,333.89,Bota,Feminino,45+,Centro
2024-04-19,362.19,Tenis,Masculino,45+,Sul
2024-11-27,97.81,Sapato,Masculino,45+,Centro
2024-07-03,264.63,Sandalia,Masculino,45+,Centro
2024-01-17,313.52,Tenis,Feminino,45+,Leste
2024-06-01,164.13,Tenis,Masculino,18-30,Oeste
2024-05-29,140.45,Sandalia,Masculino,45+,Centro
2024-04-20,337.04,Tenis,Masculino,45+,Oeste
2024-01-26,392.33,Sandalia,Feminino,31-45,Centro
2024-04-27,211.6,Sandalia,Masculino,45+,Leste
2024-03-24,369.0,Sandalia,Masculino,45+,Oeste
2024-06-10,314.32,Sandalia,Masculino,31-45,Sul
2024-12-26,414.32,Sapato,Masculino,45+,Leste
2024-08-16,141.83,Tenis,Feminino,18-30,Norte
2024-09-08,408.38,Bota,Feminino,45+,Sul
2024-05-01,169.88,Sapato,Feminino,31-45,Centro
2024-11-22,184.22,Bota,Masculino,45+,Oeste
2024-10-14,490.18,Sapato,Feminino,18-30,Oeste
2024-01-14,70.71,Tenis,Masculino,45+,Sul
2024-11-23,135.39,Sandalia,Masculino,18-30,Norte
2024-07-03,284.39,Bota,Masculino,18-30,Oeste
2024-06-01,219.2,Sapato,Masculino,31-45,Norte
2024-03-20,158.94,Tenis,Masculino,31-45,Norte
2024-02-11,358.05,Tenis,Masculino,18-30,Leste
2024-10-01,351.16,Sapato,Masculino,45+,Sul
2024-02-10,483.68,Sandalia,Masculino,31-45,Sul
2024-07-26,445.37,Sapato,Masculino,31-45,Sul
2024-09-24,498.85,Sapato,Feminino,18-30,Centro
2024-06-15,213.3,Sapato,Masculino,31-45,Sul
2024-04-21,70.36,Sandalia,Feminino,45+,Oeste
2024-12-15,196.38,Bota,Feminino,31-45,Oeste
2024-05-09,273.61,Sapato,Masculino,45+,Sul
2024-08-11,127.49,Tenis,Feminino,18-30,Oeste
2024-10-27,88.28,Bota,Feminino,18-30,Leste
2024-08-04,253.73,Tenis,Feminino,31-45,Centro
2024-01-25,469.7,Tenis,Feminino,31-45,Centro
2024-03-08,393.42,Sapato,Masculino,18-30,Norte
2024-09-16,190.17,Bota,Masculino,31-45,Norte
2024-08-22,449.88,Sapato,Masculino,31-45,Centro
2024-07-23,363.77,Tenis,Masculino,45+,Sul
2024-10-18,258.5,Sapato,Masculino,31-45,Sul
2024-08-02,169.08,Sandalia,Masculino,18-30,Leste
2024-07-08,308.99,Sandalia,Feminino,18-30,Centro
2024-07-16,137.71,Sapato,Masculino,18-30,Oeste
2024-08-03,383.55,Sapato,Masculino,45+,Oeste
2024-02-13,471.62,Sapato,Feminino,31-45,Norte
2024-02-02,346.67,Sapato,Masculino,45+,Centro
2024-01-12,376.25,Sapato,Feminino,18-30,Norte
2024-04-14,124.02,Sandalia,Feminino,18-30,Leste
2024-07-31,386.7,Bota,Feminino,18-30,Norte
2024-05-18,273.81,Sapato,Masculino,18-30,Leste
2024-07-01,89.32,Bota,Masculino,45+,Centro
2024-05-05,223.9,Sapato,Masculino,18-30,Leste
2024-06-05,378.25,Bota,Masculino,45+,Norte
2024-04-21,310.19,Sandalia,Feminino,31-45,Centro
2024-09-15,187.87,Tenis,Masculino,31-45,Norte
2024-01-28,494.94,Bota,Masculino,31-45,Oeste
2024-08-05,308.31,Sandalia,Masculino,45+,Sul
2024-05-31,475.23,Bota,Feminino,31-45,Leste
2024-11-05,301.9,Sandalia,Feminino,31-45,Leste
2024-11-03,304.1,Tenis,Feminino,18-30,Sul
2024-06-23,73.03,Sandalia,Masculino,18-30,Leste
2024-05-28,96.84,Sapato,Feminino,45+,Leste
2024-01-30,326.5,Sapato,Feminino,45+,Oeste
2024-03-08,379.24,Bota,Masculino,31-45,Centro
2024-02-05,159.81,Sapato,Feminino,18-30,Leste
2024-10-22,483.79,Sapato,Feminino,18-30,Oeste
2024-03-14,383.56,Tenis,Feminino,31-45,Leste
2024-10-24,157.11,Sapato,Masculino,31-45,Centro
2024-10-29,339.99,Sapato,Masculino,31-45,Oeste
2024-08-06,202.89,Bota,Feminino,45+,Leste
2024-12-30,377.37,Sapato,Masculino,45+,Oeste
2024-09-16,313.07,Sapato,Feminino,18-30,Sul
2024-10-14,390.49,Sandalia,Feminino,18-30,Leste
2024-09-22,163.16,Sandalia,Masculino,18-30,Norte
2024-01-28,469.53,Bota,Masculino,45+,Centro
2024-07-18,496.85,Bota,Feminino,18-30,Leste
2024-03-02,124.04,Bota,Masculino,18-30,Leste
2024-12-07,280.81,Sapato,Masculino,18-30,Norte
2024-12-19,438.56,Sapato,Feminino,45+,Oeste
2024-02-14,206.46,Sapato,Feminino,45+,Centro
2024-10-17,159.19,Sapato,Masculino,31-45,Norte
2024-03-29,378.98,Sapato,Feminino,18-30,Centro
2024-02-03,489.88,Sapato,Feminino,45+,Leste
2024-05-13,276.69,Sandalia,Masculino,18-30,Centro
2024-08-20,226.59,Bota,Feminino,45+,Oeste
2024-09-12,226.37,Bota,Feminino,31-45,Sul
2024-02-06,407.53,Sapato,Masculino,45+,Centro
2024-09-13,367.73,Tenis,Masculino,45+,Sul
2024-10-17,193.51,Sandalia,Feminino,18-30,Oeste
2024-07-16,488.56,Bota,Masculino,18-30,Norte
2024-09-11,451.21,Sandalia,Masculino,18-30,Centro
2024-03-21,365.42,Sapato,Masculino,45+,Centro
2024-05-16,248.35,Sandalia,Masculino,18-30,Centro
2024-07-08,143.28,Bota,Masculino,18-30,Centro
2024-05-09,349.23,Sandalia,Masculino,31-45,Sul
2024-07-28,389.25,Sandalia,Feminino,18-30,Oeste
2024-10-18,321.83,Tenis,Feminino,18-30,Sul
2024-12-13,273.03,Sandalia,Masculino,45+,Leste
2024-06-17,103.12,Bota,Masculino,31-45,Leste
2024-10-19,403.13,Bota,Feminino,18-30,Norte
2024-06-25,271.22,Bota,Masculino,18-30,Norte
2024-01-26,434.35,Bota,Feminino,45+,Centro
2024-11-19,110.67,Sapato,Masculino,18-30,Leste
2024-12-25,484.29,Tenis,Feminino,18-30,Sul
2024-10-18,271.04,Sapato,Masculino,18-30,Oeste
2024-04-24,82.56,Bota,Masculino,31-45,Leste
2024-10-13,176.05,Sandalia,Masculino,31-45,Leste
2024-01-30,456.16,Bota,Feminino,31-45,Sul
2024-08-29,200.31,Bota,Masculino,18-30,Leste
2024-10-16,486.54,Tenis,Feminino,45+,Sul
2024-05-26,249.85,Tenis,Masculino,45+,Sul
2024-09-30,215.17,Sandalia,Masculino,18-30,Sul
2024-08-09,405.4,Sapato,Masculino,45+,Sul
2024-12-06,260.2,Bota,Masculino,45+,Leste
2024-01-03,84.0,Tenis,Feminino,45+,Leste
2024-03-10,422.98,Sandalia,Masculino,31-45,Oeste
2024-12-23,405.71,Bota,Masculino,45+,Norte
2024-02-14,281.75,Sapato,Masculino,31-45,Oeste
2024-09-10,54.36,Sapato,Feminino,18-30,Sul
2024-11-18,111.36,Tenis,Feminino,18-30,Centro
2024-04-21,370.4,Sapato,Masculino,45+,Oeste
2024-04-01,315.89,Sandalia,Feminino,31-45,Centro
2024-12-07,365.02,Tenis,Masculino,31-45,Centro
2024-02-09,212.42,Bota,Masculino,18-30,Leste
2024-05-30,333.22,Tenis,Masculino,31-45,Sul
2024-05-25,245.67,Sandalia,Masculino,18-30,Norte
2024-07-17,236.21,Sandalia,Feminino,45+,Norte
2024-10-01,236.76,Sapato,Masculino,31-45,Norte
2024-12-14,64.43,Bota,Feminino,18-30,Norte
2024-02-13,77.45,Sandalia,Feminino,31-45,Norte
2024-03-24,432.19,Sapato,Feminino,18-30,Centro
2024-10-24,362.99,Bota,Masculino,45+,Centro
2024-04-03,153.69,Bota,Feminino,31-45,Centro
2024-06-23,103.16,Sandalia,Feminino,31-45,Sul
2024-07-20,68.32,Bota,Masculino,31-45,Oeste
2024-12-11,265.87,Bota,Feminino,31-45,Leste
2024-11-25,314.59,Sapato,Masculino,18-30,Centro
2024-01-29,454.08,Tenis,Masculino,45+,Sul
2024-07-28,464.12,Bota,Feminino,45+,Sul
2024-04-15,214.81,Sapato,Masculino,18-30,Leste
2024-03-04,468.88,Sapato,Feminino,45+,Norte
2024-01-17,295.6,Sapato,Feminino,31-45,Sul
2024-04-16,308.34,Sandalia,Feminino,45+,Oeste
2024-06-13,130.39,Sandalia,Feminino,31-45,Oeste
2024-04-04,102.14,Tenis,Feminino,31-45,Oeste
2024-01-25,159.97,Sandalia,Feminino,31-45,Sul
2024-04-26,105.93,Sapato,Masculino,31-45,Sul
2024-07-10,150.48,Sapato,Masculino,18-30,Sul
2024-07-14,292.92,Tenis,Masculino,45+,Sul
2024-11-03,440.71,Sapato,Masculino,31-45,Oeste
2024-05-16,407.74,Sandalia,Feminino,31-45,Leste
2024-12-13,64.56,Sapato,Masculino,18-30,Leste
2024-04-03,364.35,Tenis,Feminino,45+,Sul
2024-08-26,71.06,Tenis,Feminino,18-30,Oeste
2024-03-28,499.11,Tenis,Feminino,31-45,Leste
2024-06-09,402.85,Bota,Masculino,31-45,Oeste
2024-05-27,154.12,Sandalia,Feminino,45+,Sul
2024-03-13,270.55,Tenis,Feminino,18-30,Sul
2024-03-28,384.85,Bota,Masculino,45+,Centro
2024-01-14,427.91,Sandalia,Masculino,31-45,Sul
2024-11-10,152.99,Bota,Masculino,18-30,Oeste
2024-03-22,110.28,Sandalia,Masculino,31-45,Sul
2024-04-30,468.98,Sandalia,Feminino,45+,Norte
2024-11-16,351.84,Sandalia,Feminino,31-45,Centro
2024-07-22,444.33,Tenis,Masculino,18-30,Sul
2024-08-08,154.57,Sandalia,Masculino,31-45,Sul
2024-10-08,107.91,Bota,Feminino,45+,Centro
2024-10-15,207.65,Sapato,Masculino,31-45,Norte
2024-09-27,163.71,Sapato,Masculino,31-45,Centro
2024-10-11,82.74,Sandalia,Feminino,45+,Oeste
2024-10-03,340.02,Tenis,Feminino,45+,Oeste
2024-11-20,163.05,Sandalia,Masculino,31-45,Norte
2024-01-23,252.6,Bota,Masculino,45+,Sul
2024-08-15,179.74,Sapato,Feminino,18-30,Centro
2024-03-24,464.54,Bota,Masculino,31-45,Leste
2024-05-15,252.59,Bota,Feminino,45+,Norte
2024-03-02,445.94,Sapato,Feminino,31-45,Centro
2024-05-21,69.81,Tenis,Masculino,18-30,Centro
2024-01-06,291.11,Bota,Feminino,18-30,Norte
2024-09-13,253.73,Sapato,Feminino,45+,Leste
2024-05-16,196.75,Tenis,Masculino,31-45,Oeste
2024-07-26,185.09,Bota,Feminino,18-30,Oeste
2024-05-19,170.05,Bota,Masculino,18-30,Sul
2024-01-05,139.79,Bota,Masculino,31-45,Sul
2024-12-14,271.68,Bota,Feminino,18-30,Oeste
2024-10-09,205.31,Sandalia,Masculino,18-30,Leste
2024-03-15,198.77,Tenis,Feminino,18-30,Norte
2024-11-04,79.79,Bota,Masculino,18-30,Centro
2024-08-07,56.24,Sapato,Feminino,18-30,Sul
2024-11-03,460.25,Sandalia,Feminino,45+,Oeste
2024-08-15,236.19,Sapato,Masculino,18-30,Centro
2024-12-27,354.67,Sapato,Masculino,18-30,Norte
2024-10-01,253.58,Tenis,Masculino,31-45,Norte
2024-10-17,140.29,Sapato,Masculino,31-45,Sul
2024-02-21,468.26,Sandalia,Feminino,45+,Sul
2024-06-07,105.2,Bota,Feminino,45+,Leste
2024-11-10,266.62,Bota,Masculino,18-30,Norte
2024-11-07,91.28,Sapato,Feminino,31-45,Oeste
2024-10-01,153.17,Tenis,Feminino,18-30,Norte
2024-12-09,358.44,Tenis,Feminino,31-45,Norte
2024-11-22,286.89,Bota,Masculino,45+,Leste
2024-02-23,297.52,Bota,Feminino,18-30,Norte
2024-10-31,424.51,Sapato,Feminino,18-30,Oeste
2024-04-04,77.35,Tenis,Feminino,45+,Leste
2024-02-29,457.17,Sapato,Masculino,31-45,Norte
2024-12-02,343.05,Bota,Masculino,45+,Sul
2024-06-03,338.41,Bota,Masculino,18-30,Centro
2024-05-04,63.59,Sapato,Masculino,31-45,Norte
2024-06-12,459.53,Tenis,Feminino,18-30,Oeste
2024-02-28,62.59,Bota,Masculino,45+,Oeste
2024-04-16,133.45,Bota,Feminino,31-45,Sul
2024-07-20,453.16,Tenis,Feminino,18-30,Norte
2024-10-27,107.03,Bota,Masculino,31-45,Norte
2024-09-26,229.09,Tenis,Feminino,31-45,Norte
2024-11-22,392.02,Tenis,Masculino,31-45,Oeste
2024-02-08,303.33,Bota,Masculino,31-45,Leste
2024-06-16,378.72,Sapato,Masculino,45+,Leste
2024-05-16,136.78,Bota,Feminino,18-30,Sul
2024-01-14,235.42,Bota,Feminino,18-30,Oeste
2024-07-27,274.27,Bota,Feminino,18-30,Centro
2024-01-23,159.63,Sandalia,Feminino,45+,Sul
2024-12-01,499.06,Bota,Masculino,18-30,Leste
2024-09-21,352.0,Sapato,Feminino,31-45,Centro
2024-08-15,447.7,Sapato,Feminino,18-30,Sul
2024-09-19,226.84,Sapato,Masculino,31-45,Sul
2024-07-28,466.18,Tenis,Masculino,31-45,Oeste
2024-03-01,163.23,Sandalia,Feminino,31-45,Norte
2024-02-26,121.05,Sandalia,Masculino,45+,Leste
2024-08-25,404.09,Sapato,Masculino,18-30,Leste
2024-05-31,487.86,Sandalia,Feminino,45+,Norte
2024-10-07,77.92,Tenis,Masculino,31-45,Centro
2024-01-05,95.0,Bota,Masculino,18-30,Centro
2024-04-10,193.05,Sapato,Feminino,45+,Centro
2024-11-01,286.68,Sandalia,Masculino,45+,Norte
2024-12-09,366.92,Sapato,Feminino,31-45,Oeste
2024-01-31,480.0,Sapato,Feminino,31-45,Oeste
2024-02-24,103.02,Sapato,Feminino,31-45,Sul
2024-06-02,210.34,Sapato,Feminino,18-30,Leste
2024-10-03,169.83,Bota,Feminino,45+,Norte
2024-12-19,413.34,Sapato,Feminino,31-45,Oeste
2024-12-23,123.6,Sandalia,Feminino,45+,Leste
2024-07-04,444.58,Sandalia,Masculino,31-45,Centro
2024-01-30,398.17,Tenis,Feminino,45+,Norte
2024-11-05,447.72,Tenis,Feminino,31-45,Leste
2024-04-29,486.13,Sandalia,Masculino,45+,Oeste
2024-12-08,308.05,Sapato,Masculino,18-30,Centro
2024-01-08,256.29,Sandalia,Feminino,18-30,Sul
2024-04-15,268.26,Tenis,Feminino,18-30,Sul
2024-05-17,452.98,Sapato,Masculino,31-45,Sul
2024-07-01,143.91,Sandalia,Feminino,31-45,Oeste
2024-12-05,218.91,Bota,Feminino,45+,Norte
2024-07-28,338.51,Sandalia,Feminino,45+,Leste
2024-05-28,372.21,Tenis,Feminino,18-30,Oeste
2024-09-16,75.37,Sandalia,Masculino,31-45,Leste
2024-05-06,490.17,Sapato,Feminino,31-45,Oeste
2024-10-25,199.15,Sandalia,Feminino,31-45,Centro
2024-03-06,142.73,Tenis,Masculino,31-45,Oeste
2024-01-21,188.23,Sandalia,Masculino,18-30,Sul
2024-10-19,493.15,Sapato,Masculino,31-45,Norte
2024-11-20,350.86,Sandalia,Masculino,31-45,Leste
2024-04-22,160.38,Tenis,Masculino,18-30,Centro
2024-05-18,140.49,Bota,Masculino,18-30,Sul
2024-08-25,83.7,Sandalia,Masculino,45+,Centro
2024-12-26,213.45,Sandalia,Feminino,18-30,Leste
2024-12-13,420.69,Tenis,Masculino,45+,Oeste
2024-02-13,173.94,Tenis,Masculino,18-30,Norte
2024-03-04,215.82,Sandalia,Masculino,18-30,Sul
2024-09-22,392.65,Tenis,Feminino,31-45,Norte
2024-04-01,363.18,Tenis,Masculino,31-45,Leste
2024-04-21,235.6,Sapato,Feminino,18-30,Centro
2024-12-05,123.94,Sandalia,Masculino,31-45,Norte
2024-11-28,452.2,Sandalia,Masculino,45+,Centro
2024-10-01,308.78,Bota,Feminino,18-30,Norte
2024-11-26,165.55,Bota,Feminino,45+,Leste
2024-08-14,156.56,Tenis,Masculino,18-30,Centro
2024-08-13,251.77,Tenis,Masculino,18-30,Norte
2024-05-11,231.42,Sandalia,Masculino,18-30,Norte
2024-08-16,81.0,Bota,Masculino,18-30,Leste
2024-11-10,474.41,Sandalia,Feminino,18-30,Centro
2024-05-08,404.13,Sandalia,Feminino,31-45,Norte
2024-10-22,273.45,Sandalia,Masculino,45+,Sul
2024-01-25,197.11,Bota,Masculino,18-30,Leste
2024-07-05,131.66,Sandalia,Masculino,31-45,Norte
2024-10-19,124.83,Bota,Masculino,18-30,Leste
2024-12-21,158.22,Bota,Feminino,18-30,Oeste
2024-11-21,149.24,Tenis,Feminino,45+,Norte
2024-05-14,369.37,Sandalia,Masculino,18-30,Sul
2024-01-04,396.34,Bota,Masculino,45+,Oeste
2024-08-14,213.57,Tenis,Masculino,18-30,Leste
2024-06-17,121.73,Tenis,Masculino,31-45,Centro
2024-10-11,340.13,Bota,Feminino,18-30,Centro
2024-11-20,199.77,Sapato,Feminino,31-45,Leste
2024-01-27,469.51,Tenis,Masculino,31-45,Centro
2024-08-12,404.9,Bota,Masculino,31-45,Centro
2024-09-05,494.49,Tenis,Feminino,31-45,Sul
2024-07-20,449.31,Sapato,Masculino,18-30,Oeste
2024-07-16,52.39,Sandalia,Masculino,18-30,Norte
2024-05-15,77.15,Bota,Feminino,31-45,Oeste
2024-05-05,454.19,Sandalia,Masculino,31-45,Leste
2024-04-04,103.52,Tenis,Masculino,45+,Sul
2024-03-13,318.01,Sapato,Feminino,18-30,Leste
2024-09-03,209.67,Sapato,Feminino,45+,Oeste
2024-12-06,65.2,Tenis,Masculino,31-45,Sul
2024-05-15,87.29,Bota,Masculino,45+,Sul
2024-07-14,394.62,Bota,Masculino,45+,Oeste
2024-08-01,429.08,Tenis,Masculino,31-45,Norte
2024-04-18,213.45,Sapato,Masculino,45+,Oeste
2024-11-19,161.05,Sandalia,Masculino,45+,Sul
2024-04-12,272.12,Sapato,Feminino,18-30,Sul
2024-12-06,118.53,Sapato,Masculino,31-45,Norte
2024-11-23,327.62,Sapato,Masculino,18-30,Norte
2024-03-24,382.78,Tenis,Feminino,18-30,Leste
2024-08-11,366.78,Sandalia,Masculino,31-45,Leste
2024-09-13,469.44,Sapato,Masculino,45+,Sul
2024-05-13,320.77,Tenis,Feminino,31-45,Leste
2024-12-13,317.84,Bota,Masculino,31-45,Norte
2024-04-17,381.64,Bota,Masculino,31-45,Leste
2024-01-08,376.6,Sapato,Masculino,31-45,Leste
2024-05-29,175.63,Sapato,Feminino,45+,Sul
2024-06-20,408.76,Sandalia,Feminino,18-30,Oeste
2024-02-16,457.0,Sapato,Masculino,45+,Oeste
2024-01-01,400.73,Bota,Feminino,18-30,Centro
2024-12-26,432.22,Tenis,Masculino,31-45,Centro
2024-06-28,431.92,Tenis,Feminino,45+,Sul
2024-02-08,161.43,Sandalia,Masculino,31-45,Sul
2024-03-30,422.17,Tenis,Masculino,31-45,Oeste
2024-03-15,373.54,Sandalia,Feminino,31-45,Sul
2024-08-14,195.51,Sapato,Feminino,45+,Norte
2024-05-03,353.61,Tenis,Feminino,31-45,Sul
2024-12-09,352.94,Sandalia,Feminino,18-30,Leste
2024-04-06,411.06,Sandalia,Feminino,31-45,Sul
2024-12-05,50.03,Sapato,Masculino,45+,Oeste
2024-10-09,341.24,Bota,Feminino,45+,Norte
2024-07-25,352.8,Tenis,Feminino,31-45,Centro
2024-02-02,309.84,Sapato,Feminino,18-30,Norte
2024-04-25,399.82,Tenis,Feminino,31-45,Norte
2024-12-19,114.59,Bota,Masculino,45+,Leste
2024-11-11,185.59,Tenis,Masculino,31-45,Norte
2024-11-09,390.14,Sandalia,Feminino,31-45,Sul
2024-06-27,204.31,Tenis,Feminino,45+,Oeste
2024-06-22,321.64,Sandalia,Masculino,45+,Norte
2024-08-21,329.63,Bota,Masculino,45+,Norte
2024-05-12,184.38,Sandalia,Masculino,45+,Sul
2024-04-03,257.41,Sapato,Masculino,18-30,Norte
2024-12-13,358.16,Sandalia,Masculino,31-45,Centro
2024-07-13,398.15,Sandalia,Masculino,45+,Norte
2024-07-04,341.25,Sapato,Feminino,45+,Norte
2024-06-13,223.58,Sandalia,Feminino,31-45,Norte
2024-12-27,64.21,Sandalia,Feminino,18-30,Centro
2024-07-09,455.45,Sapato,Masculino,45+,Centro
2024-01-05,54.22,Sandalia,Feminino,45+,Centro
2024-07-24,96.08,Sandalia,Feminino,18-30,Centro
2024-12-09,402.47,Tenis,Feminino,18-30,Norte
2024-08-14,77.4,Tenis,Masculino,45+,Sul
2024-03-14,448.61,Sandalia,Masculino,45+,Oeste
2024-08-06,454.15,Sapato,Masculino,45+,Oeste
2024-01-27,75.19,Sapato,Feminino,31-45,Norte
2024-01-23,477.93,Tenis,Masculino,45+,Leste
2024-07-26,281.51,Sapato,Feminino,18-30,Oeste
2024-12-20,50.31,Sapato,Feminino,18-30,Centro
2024-03-31,285.51,Tenis,Feminino,18-30,Leste
2024-02-21,221.27,Bota,Masculino,45+,Sul
2024-10-29,493.41,Tenis,Masculino,45+,Leste
2024-07-27,167.26,Sapato,Feminino,18-30,Sul
2024-03-02,250.95,Sandalia,Feminino,31-45,Leste
2024-10-30,92.61,Sapato,Feminino,45+,Oeste
2024-04-14,444.49,Sandalia,Feminino,18-30,Centro
2024-05-08,66.89,Sandalia,Masculino,31-45,Sul
2024-11-23,397.06,Sandalia,Masculino,18-30,Sul
2024-04-04,175.25,Bota,Feminino,45+,Leste
2024-01-07,112.61,Bota,Masculino,31-45,Centro
2024-06-22,365.65,Tenis,Feminino,31-45,Norte
2024-09-02,331.02,Bota,Masculino,45+,Sul
2024-01-16,66.01,Sandalia,Feminino,45+,Centro
2024-06-18,224.68,Sapato,Feminino,45+,Norte
2024-06-15,300.06,Sapato,Feminino,31-45,Sul
2024-11-05,210.4,Sandalia,Feminino,18-30,Centro
2024-03-23,334.27,Sapato,Masculino,18-30,Sul
2024-08-08,258.16,Sapato,Masculino,18-30,Oeste
2024-11-17,340.85,Bota,Feminino,45+,Centro
2024-06-18,324.29,Sandalia,Masculino,45+,Leste
2024-11-18,140.43,Sapato,Feminino,18-30,Leste
2024-04-24,202.03,Sapato,Masculino,45+,Norte
2024-12-14,186.46,Sapato,Feminino,45+,Oeste
2024-11-30,491.18,Sandalia,Masculino,18-30,Norte
2024-08-17,159.76,Sandalia,Feminino,18-30,Leste
2024-08-07,153.64,Tenis,Feminino,45+,Centro
2024-09-03,75.86,Tenis,Feminino,31-45,Oeste
2024-04-10,476.8,Sapato,Feminino,45+,Sul
2024-08-09,264.2,Bota,Feminino,31-45,Sul
2024-06-27,495.06,Bota,Masculino,31-45,Centro
2024-06-23,387.37,Sandalia,Masculino,31-45,Leste
2024-04-03,65.41,Sandalia,Feminino,31-45,Norte
2024-04-24,408.0,Tenis,Feminino,31-45,Leste
2024-06-10,458.93,Tenis,Masculino,45+,Centro
2024-09-25,381.08,Sandalia,Feminino,18-30,Leste
2024-08-12,169.67,Bota,Feminino,31-45,Norte
2024-08-21,115.45,Tenis,Feminino,31-45,Norte
2024-12-02,137.33,Tenis,Feminino,31-45,Oeste
2024-03-07,496.8,Sapato,Feminino,45+,Oeste
2024-05-05,275.01,Bota,Masculino,18-30,Oeste
2024-05-18,498.44,Sapato,Feminino,31-45,Leste
2024-04-22,346.37,Tenis,Masculino,31-45,Sul
2024-08-06,468.69,Tenis,Feminino,45+,Leste
2024-06-04,339.54,Tenis,Masculino,31-45,Norte
2024-07-03,160.96,Tenis,Feminino,18-30,Oeste
2024-04-30,191.76,Sandalia,Masculino,18-30,Centro
2024-11-17,456.34,Bota,Masculino,31-45,Sul
2024-07-16,464.94,Bota,Masculino,45+,Leste
2024-12-10,337.03,Bota,Feminino,18-30,Sul
2024-10-17,94.05,Bota,Masculino,45+,Centro
2024-01-04,167.41,Sapato,Masculino,18-30,Oeste
2024-07-07,130.07,Sapato,Masculino,18-30,Oeste
2024-08-26,329.02,Sapato,Masculino,31-45,Norte
2024-06-14,119.48,Tenis,Masculino,18-30,Leste
2024-06-20,248.38,Sandalia,Masculino,31-45,Norte
2024-07-30,298.6,Bota,Feminino,18-30,Sul
2024-12-10,152.54,Sandalia,Masculino,18-30,Centro
2024-03-11,152.22,Bota,Masculino,18-30,Centro
2024-05-28,170.13,Bota,Feminino,31-45,Norte
2024-10-11,453.68,Sapato,Masculino,18-30,Norte
2024-04-25,304.08,Tenis,Feminino,18-30,Sul
2024-11-18,106.62,Tenis,Masculino,45+,Oeste
2024-04-02,142.26,Sandalia,Feminino,45+,Centro
2024-04-12,471.58,Tenis,Masculino,18-30,Norte
2024-12-23,217.9,Sapato,Masculino,31-45,Centro
2024-07-16,207.67,Bota,Feminino,45+,Oeste
2024-04-19,261.5,Sandalia,Masculino,31-45,Centro
2024-11-25,227.37,Sapato,Masculino,18-30,Oeste
2024-04-10,202.23,Bota,Feminino,45+,Oeste
2024-07-01,214.92,Tenis,Masculino,31-45,Leste
2024-11-29,439.91,Sandalia,Masculino,31-45,Sul
2024-06-08,362.63,Sandalia,Masculino,45+,Centro
2024-03-22,58.0,Bota,Masculino,18-30,Oeste
2024-02-05,481.17,Tenis,Masculino,18-30,Centro
2024-08-25,420.61,Sandalia,Feminino,45+,Norte
2024-08-31,464.48,Tenis,Feminino,31-45,Sul
2024-09-07,158.31,Tenis,Feminino,45+,Sul
2024-09-11,359.81,Bota,Feminino,45+,Norte
2024-10-08,489.54,Sapato,Feminino,45+,Norte
2024-01-22,107.19,Tenis,Feminino,18-30,Centro
2024-08-17,386.01,Sandalia,Feminino,18-30,Leste
2024-06-02,159.14,Sandalia,Masculino,31-45,Centro
2024-04-29,279.51,Sandalia,Feminino,45+,Centro
2024-06-14,163.61,Sandalia,Feminino,45+,Oeste
2024-07-17,342.06,Bota,Masculino,45+,Centro
2024-12-12,359.42,Tenis,Feminino,45+,Sul
2024-03-15,69.18,Bota,Feminino,18-30,Leste
2024-03-19,297.16,Sapato,Masculino,18-30,Norte
2024-11-14,339.44,Tenis,Masculino,31-45,Sul
2024-03-13,306.69,Tenis,Feminino,31-45,Norte
2024-07-18,173.15,Tenis,Feminino,45+,Oeste
2024-10-28,149.37,Sapato,Masculino,31-45,Centro
2024-05-13,119.11,Bota,Masculino,45+,Oeste
2024-02-17,391.94,Tenis,Masculino,18-30,Norte
2024-07-06,406.72,Tenis,Masculino,18-30,Centro
2024-06-19,297.65,Sandalia,Masculino,18-30,Centro
2024-05-18,289.55,Sapato,Masculino,31-45,Oeste
2024-08-30,212.5,Sandalia,Masculino,45+,Norte
2024-11-09,84.13,Sandalia,Masculino,31-45,Leste
2024-12-11,492.81,Bota,Masculino,45+,Oeste
2024-05-05,441.43,Sandalia,Feminino,31-45,Sul
2024-07-25,142.47,Sapato,Feminino,18-30,Sul
2024-12-04,241.18,Sapato,Masculino,31-45,Sul
2024-07-16,343.63,Tenis,Feminino,18-30,Norte
2024-07-05,298.69,Bota,Masculino,45+,Sul
2024-01-18,163.04,Tenis,Masculino,18-30,Sul
2024-07-16,195.82,Sandalia,Masculino,31-45,Centro
2024-12-16,404.67,Tenis,Feminino,45+,Centro
2024-06-01,123.1,Sapato,Masculino,31-45,Centro
2024-05-11,86.71,Sapato,Masculino,31-45,Norte
2024-11-21,280.93,Sandalia,Feminino,31-45,Sul
2024-06-13,149.6,Tenis,Feminino,18-30,Oeste
2024-02-28,154.54,Sapato,Feminino,45+,Sul
2024-06-26,286.66,Sapato,Feminino,31-45,Centro
2024-06-01,274.34,Bota,Masculino,18-30,Sul
2024-06-10,467.58,Tenis,Feminino,31-45,Centro
2024-12-19,276.55,Tenis,Masculino,45+,Sul
2024-08-29,138.37,Bota,Masculino,18-30,Norte
2024-05-15,62.19,Sapato,Feminino,31-45,Leste
2024-08-23,87.88,Bota,Feminino,31-45,Leste
2024-02-16,238.94,Bota,Masculino,18-30,Sul
2024-05-07,282.7,Bota,Feminino,45+,Oeste
2024-12-03,340.92,Sapato,Feminino,45+,Sul
2024-06-06,262.04,Sandalia,Masculino,45+,Sul
2024-01-13,346.19,Sandalia,Feminino,18-30,Leste
2024-04-28,50.32,Sandalia,Feminino,18-30,Sul
2024-10-29,56.65,Bota,Masculino,31-45,Sul
2024-10-15,411.23,Sandalia,Masculino,18-30,Centro
2024-10-17,326.17,Tenis,Feminino,31-45,Sul
2024-04-25,390.08,Sandalia,Feminino,18-30,Centro
2024-03-28,220.28,Sapato,Masculino,45+,Norte
2024-05-04,320.42,Bota,Feminino,45+,Oeste
2024-06-23,261.13,Bota,Masculino,18-30,Sul
2024-12-29,376.39,Sandalia,Feminino,18-30,Centro
2024-02-22,93.95,Bota,Feminino,45+,Centro
2024-04-20,102.87,Bota,Masculino,45+,Sul
2024-03-05,415.95,Bota,Masculino,18-30,Leste
2024-11-28,97.42,Bota,Feminino,45+,Leste
2024-03-14,484.03,Tenis,Feminino,18-30,Sul
2024-05-26,370.69,Sapato,Feminino,18-30,Sul
2024-09-17,285.8,Tenis,Feminino,18-30,Leste
2024-09-20,448.75,Sandalia,Masculino,18-30,Sul
2024-05-11,438.5,Sandalia,Masculino,18-30,Sul
2024-02-18,398.94,Bota,Feminino,18-30,Leste
2024-03-17,408.78,Bota,Feminino,31-45,Centro
2024-10-20,401.67,Sandalia,Masculino,18-30,Norte
2024-04-26,306.37,Bota,Masculino,18-30,Sul
2024-02-18,377.08,Tenis,Feminino,31-45,Leste
2024-04-19,255.72,Bota,Feminino,45+,Sul
2024-06-28,411.0,Tenis,Masculino,18-30,Sul
2024-02-19,384.59,Sapato,Masculino,18-30,Centro
2024-03-12,439.83,Tenis,Masculino,31-45,Norte
2024-12-12,467.37,Sandalia,Masculino,45+,Sul
2024-10-12,56.14,Sandalia,Masculino,18-30,Norte
2024-01-04,266.19,Sandalia,Feminino,18-30,Leste
2024-03-15,462.72,Tenis,Feminino,31-45,Leste
2024-03-25,126.47,Sapato,Feminino,45+,Oeste
2024-11-17,67.65,Sandalia,Feminino,45+,Centro
2024-01-21,243.57,Bota,Feminino,45+,Leste
2024-07-27,244.06,Tenis,Masculino,45+,Sul
2024-02-12,289.04,Sapato,Masculino,31-45,Sul
2024-01-29,261.79,Tenis,Masculino,31-45,Leste
2024-12-09,364.1,Tenis,Masculino,18-30,Oeste
2024-06-29,293.82,Sapato,Feminino,18-30,Centro
2024-10-31,294.05,Tenis,Feminino,31-45,Oeste
2024-04-12,350.25,Sandalia,Masculino,45+,Norte
2024-09-22,285.08,Sapato,Masculino,18-30,Centro
2024-09-15,77.96,Tenis,Feminino,18-30,Centro
2024-12-30,415.07,Bota,Feminino,45+,Sul
2024-08-21,178.9,Sapato,Masculino,18-30,Centro
2024-12-11,455.74,Bota,Feminino,31-45,Centro
2024-04-10,339.01,Tenis,Feminino,31-45,Sul
2024-03-31,393.74,Bota,Feminino,18-30,Centro
2024-03-09,190.63,Sapato,Feminino,31-45,Oeste
2024-04-15,120.24,Tenis,Feminino,18-30,Centro
2024-01-11,343.16,Sapato,Masculino,18-30,Leste
2024-01-13,201.69,Tenis,Masculino,31-45,Centro
2024-04-14,243.61,Sandalia,Feminino,31-45,Centro
2024-08-13,432.2,Sandalia,Feminino,31-45,Norte
2024-06-16,60.05,Sandalia,Masculino,18-30,Norte
2024-10-16,407.44,Bota,Feminino,31-45,Oeste
2024-04-09,465.93,Bota,Masculino,45+,Norte
2024-08-05,277.81,Sandalia,Masculino,18-30,Oeste
2024-11-02,114.88,Sapato,Masculino,18-30,Norte
2024-12-10,228.31,Sapato,Masculino,45+,Norte
2024-07-29,117.04,Tenis,Feminino,45+,Sul
2024-10-03,105.24,Sapato,Masculino,18-30,Oeste
2024-08-10,483.76,Sapato,Masculino,45+,Centro
2024-06-05,186.54,Bota,Feminino,31-45,Norte
2024-03-13,170.01,Sapato,Masculino,31-45,Oeste
2024-10-01,396.99,Sapato,Masculino,18-30,Centro
2024-02-09,287.74,Tenis,Feminino,18-30,Norte
2024-08-22,442.85,Sandalia,Masculino,31-45,Leste
2024-05-03,499.93,Sandalia,Feminino,18-30,Centro
2024-10-11,86.13,Bota,Feminino,31-45,Norte
2024-06-01,114.39,Bota,Feminino,45+,Norte
2024-05-26,474.4,Tenis,Feminino,45+,Centro
2024-07-14,145.09,Bota,Masculino,45+,Oeste
2024-06-21,70.22,Tenis,Masculino,18-30,Sul
2024-07-30,437.16,Sandalia,Masculino,45+,Norte
2024-10-28,83.11,Sandalia,Masculino,31-45,Oeste
2024-11-06,482.83,Tenis,Masculino,31-45,Leste
2024-01-01,392.13,Sandalia,Feminino,31-45,Centro
2024-05-18,231.99,Sapato,Feminino,31-45,Oeste
2024-07-14,79.3,Sapato,Feminino,31-45,Oeste
2024-08-07,370.23,Sandalia,Feminino,45+,Oeste
2024-12-21,306.43,Tenis,Masculino,31-45,Sul
2024-06-11,118.12,Sapato,Feminino,45+,Sul
2024-02-20,332.3,Sapato,Feminino,31-45,Leste
2024-08-30,345.79,Sandalia,Masculino,18-30,Norte
2024-12-24,475.44,Bota,Masculino,45+,Sul
2024-01-21,256.03,Bota,Masculino,18-30,Sul
2024-06-20,280.62,Sandalia,Masculino,45+,Sul
2024-04-28,458.84,Sandalia,Feminino,45+,Sul
2024-05-08,160.88,Sapato,Masculino,18-30,Leste
2024-04-15,168.51,Tenis,Feminino,31-45,Oeste
2024-07-13,468.55,Tenis,Masculino,31-45,Centro
2024-08-13,218.05,Sapato,Feminino,31-45,Centro
2024-05-20,397.23,Sapato,Feminino,31-45,Oeste
2024-09-28,202.93,Tenis,Masculino,45+,Norte
2024-04-28,148.16,Bota,Masculino,31-45,Leste
2024-02-03,188.97,Bota,Feminino,45+,Leste
2024-05-31,278.13,Tenis,Feminino,45+,Sul
2024-02-08,149.8,Sandalia,Masculino,45+,Oeste
2024-09-14,378.5,Sandalia,Feminino,18-30,Sul
2024-09-23,83.71,Sapato,Feminino,18-30,Centro
2024-01-07,298.99,Bota,Feminino,31-45,Centro
2024-09-19,309.5,Sandalia,Feminino,45+,Oeste
2024-04-12,192.05,Sandalia,Masculino,31-45,Centro
2024-11-27,70.01,Sandalia,Masculino,18-30,Leste
2024-12-07,280.54,Tenis,Feminino,18-30,Sul
2024-06-27,78.72,Sapato,Feminino,18-30,Leste
2024-11-03,431.63,Sapato,Masculino,45+,Oeste
2024-09-15,477.22,Bota,Masculino,18-30,Oeste
2024-11-28,169.23,Sandalia,Feminino,18-30,Centro
2024-06-06,95.62,Sapato,Feminino,31-45,Norte
2024-01-10,179.03,Tenis,Feminino,31-45,Norte
2024-04-25,138.49,Tenis,Masculino,31-45,Oeste
2024-04-26,54.01,Tenis,Masculino,31-45,Leste
2024-06-30,451.09,Sandalia,Feminino,18-30,Sul
2024-08-23,405.06,Tenis,Masculino,18-30,Norte
2024-07-12,186.3,Sandalia,Feminino,45+,Norte
2024-10-26,340.17,Sapato,Masculino,18-30,Leste
2024-03-20,486.68,Tenis,Feminino,31-45,Oeste
2024-03-03,403.5,Sandalia,Feminino,45+,Centro
2024-11-28,387.04,Bota,Feminino,45+,Leste
2024-02-17,323.43,Sapato,Masculino,18-30,Oeste
2024-03-17,216.47,Sapato,Feminino,18-30,Sul
2024-05-29,313.09,Sandalia,Feminino,45+,Oeste
2024-04-30,120.78,Sandalia,Feminino,45+,Centro
2024-10-01,66.99,Sapato,Masculino,45+,Oeste
2024-12-11,226.74,Sandalia,Masculino,18-30,Oeste
2024-01-14,119.36,Tenis,Feminino,31-45,Leste
2024-08-10,118.73,Sandalia,Masculino,45+,Centro
2024-04-02,265.92,Sapato,Masculino,18-30,Centro
2024-08-24,129.62,Tenis,Feminino,45+,Norte
2024-04-15,139.95,Sandalia,Feminino,18-30,Norte
2024-08-01,308.81,Tenis,Feminino,18-30,Sul
2024-01-07,255.68,Sandalia,Masculino,18-30,Sul
2024-04-10,373.15,Sapato,Feminino,18-30,Centro
2024-02-18,258.37,Sapato,Masculino,45+,Oeste
2024-02-10,188.29,Tenis,Feminino,31-45,Norte
2024-06-07,336.14,Sapato,Feminino,45+,Sul
2024-05-23,267.18,Sapato,Masculino,45+,Centro
2024-02-07,489.91,Tenis,Masculino,31-45,Oeste
2024-02-29,161.5,Tenis,Feminino,18-30,Leste
2024-04-23,353.78,Sapato,Feminino,31-45,Oeste
2024-04-05,494.32,Tenis,Feminino,45+,Norte
2024-12-18,466.7,Tenis,Feminino,18-30,Oeste
2024-07-27,163.66,Sandalia,Masculino,45+,Norte
2024-10-15,373.76,Bota,Feminino,18-30,Leste
2024-03-03,223.94,Sapato,Feminino,45+,Oeste
2024-04-03,391.77,Sapato,Masculino,18-30,Leste
2024-11-16,106.57,Sandalia,Masculino,45+,Norte
2024-12-12,487.89,Sapato,Feminino,18-30,Norte
2024-05-30,117.27,Sapato,Masculino,31-45,Norte
2024-10-19,364.79,Sapato,Masculino,45+,Centro
2024-03-24,205.48,Tenis,Masculino,31-45,Norte
2024-05-07,134.12,Sapato,Feminino,18-30,Sul
2024-09-18,225.88,Sapato,Feminino,18-30,Oeste
2024-12-14,487.11,Bota,Feminino,31-45,Centro
2024-06-03,101.65,Sandalia,Masculino,18-30,Leste
2024-08-29,64.89,Sandalia,Feminino,18-30,Leste
2024-03-24,408.25,Tenis,Masculino,18-30,Sul
2024-05-15,419.0,Sapato,Feminino,31-45,Oeste
2024-06-29,268.61,Sapato,Feminino,45+,Sul
2024-03-21,482.42,Sapato,Feminino,45+,Oeste
2024-01-01,332.47,Sapato,Masculino,45+,Leste
2024-08-03,315.95,Tenis,Masculino,18-30,Sul
2024-07-26,424.82,Bota,Feminino,18-30,Leste
2024-11-26,50.5,Sandalia,Feminino,31-45,Oeste
2024-09-09,138.51,Bota,Feminino,31-45,Sul
2024-05-11,179.21,Sapato,Masculino,31-45,Sul
2024-03-02,251.03,Bota,Masculino,31-45,Centro
2024-11-19,105.71,Bota,Feminino,18-30,Centro
2024-05-24,436.88,Sandalia,Feminino,31-45,Oeste
2024-03-25,372.03,Bota,Feminino,31-45,Oeste
2024-04-26,396.95,Bota,Feminino,31-45,Sul
2024-08-17,91.0,Bota,Feminino,45+,Centro
2024-09-12,275.66,Tenis,Masculino,18-30,Oeste
2024-11-08,103.88,Tenis,Feminino,31-45,Sul
2024-11-14,173.32,Tenis,Masculino,18-30,Oeste
2024-02-18,464.25,Bota,Masculino,31-45,Norte
2024-05-25,397.68,Tenis,Feminino,45+,Centro
2024-01-10,397.43,Bota,Feminino,45+,Oeste
2024-07-09,388.89,Bota,Feminino,18-30,Leste
2024-03-20,232.09,Tenis,Feminino,31-45,Sul
2024-08-18,89.13,Sapato,Feminino,45+,Sul
2024-07-25,468.89,Bota,Masculino,31-45,Centro
2024-08-16,362.48,Bota,Masculino,31-45,Centro
2024-11-23,400.21,Sandalia,Feminino,45+,Sul
2024-11-14,406.23,Tenis,Masculino,45+,Oeste
2024-10-06,420.5,Sandalia,Masculino,45+,Centro
2024-12-13,222.05,Bota,Feminino,18-30,Centro
2024-01-08,470.65,Sandalia,Masculino,18-30,Sul
2024-10-05,261.31,Bota,Masculino,18-30,Sul
2024-12-20,147.18,Sandalia,Masculino,18-30,Oeste
2024-06-07,281.58,Bota,Masculino,45+,Sul
2024-09-03,339.8,Tenis,Feminino,45+,Norte
2024-03-21,193.74,Sandalia,Feminino,45+,Oeste
2024-06-04,98.06,Sandalia,Feminino,31-45,Leste
2024-02-17,255.59,Sapato,Feminino,45+,Oeste
2024-04-24,269.51,Sapato,Feminino,45+,Norte
2024-01-12,397.13,Tenis,Masculino,45+,Leste
2024-11-30,82.59,Bota,Feminino,45+,Oeste
2024-10-13,351.69,Sapato,Masculino,45+,Sul
2024-03-31,116.6,Tenis,Masculino,18-30,Leste
2024-10-17,356.5,Tenis,Feminino,18-30,Centro
2024-02-24,203.89,Bota,Feminino,45+,Sul
2024-12-03,430.29,Bota,Feminino,31-45,Oeste
2024-06-12,255.37,Sandalia,Feminino,31-45,Sul
2024-03-12,155.17,Sandalia,Feminino,31-45,Sul
2024-11-11,393.14,Tenis,Masculino,31-45,Sul
2024-04-22,490.39,Tenis,Masculino,45+,Centro
2024-03-09,335.14,Tenis,Masculino,31-45,Sul
2024-01-14,110.49,Sandalia,Feminino,18-30,Centro
2024-04-11,141.97,Sapato,Masculino,31-45,Oeste
2024-10-02,220.85,Bota,Feminino,31-45,Norte
2024-12-29,273.46,Tenis,Masculino,31-45,Centro
2024-09-21,59.06,Sandalia,Feminino,31-45,Sul
2024-12-18,266.77,Sandalia,Masculino,18-30,Centro
2024-07-28,263.7,Bota,Feminino,31-45,Leste
2024-07-16,246.15,Sapato,Feminino,18-30,Oeste
2024-04-10,188.9,Tenis,Masculino,31-45,Sul
2024-09-10,480.62,Bota,Masculino,18-30,Leste
2024-06-06,349.7,Sandalia,Feminino,45+,Leste
2024-08-18,404.43,Sapato,Masculino,18-30,Centro
2024-05-30,282.02,Tenis,Masculino,18-30,Leste
2024-01-31,214.77,Sandalia,Masculino,31-45,Sul
2024-09-12,217.05,Sandalia,Masculino,18-30,Leste
2024-01-20,173.02,Bota,Feminino,18-30,Leste
2024-09-17,296.13,Sandalia,Masculino,18-30,Centro
2024-05-28,434.36,Tenis,Feminino,31-45,Sul
2024-12-28,67.64,Sandalia,Masculino,45+,Norte
2024-03-15,388.08,Bota,Feminino,45+,Oeste
2024-05-03,402.69,Bota,Masculino,31-45,Norte
2024-08-02,227.63,Sapato,Masculino,45+,Norte
2024-11-12,384.71,Sapato,Feminino,31-45,Sul
2024-08-17,225.18,Sandalia,Masculino,31-45,Sul
2024-09-07,191.92,Sandalia,Masculino,18-30,Leste
2024-04-03,155.97,Sandalia,Feminino,31-45,Oeste
2024-06-18,411.71,Sapato,Feminino,45+,Centro
2024-02-10,63.09,Sapato,Feminino,31-45,Sul
2024-07-07,157.59,Sandalia,Feminino,18-30,Sul
2024-07-28,185.61,Sapato,Feminino,18-30,Leste
2024-06-28,323.43,Bota,Feminino,45+,Oeste
2024-10-23,241.62,Sapato,Masculino,45+,Centro
2024-02-29,348.38,Bota,Masculino,45+,Oeste
2024-01-30,114.38,Sandalia,Masculino,18-30,Oeste
2024-08-13,204.55,Bota,Masculino,31-45,Leste
2024-04-04,288.19,Tenis,Masculino,31-45,Norte
2024-08-26,330.15,Sandalia,Masculino,18-30,Sul
2024-06-14,171.32,Bota,Masculino,31-45,Norte
2024-08-04,167.53,Bota,Feminino,31-45,Norte
2024-09-29,70.87,Sapato,Masculino,31-45,Norte
2024-12-21,420.22,Bota,Feminino,18-30,Leste
2024-06-16,62.58,Sapato,Masculino,31-45,Centro
2024-06-06,212.29,Bota,Feminino,45+,Oeste
2024-03-06,130.96,Bota,Masculino,18-30,Norte
2024-10-06,275.8,Sapato,Masculino,18-30,Centro
2024-07-19,491.29,Tenis,Masculino,31-45,Leste
2024-03-28,239.44,Bota,Feminino,45+,Centro
2024-10-20,313.53,Bota,Masculino,18-30,Leste
2024-08-05,316.03,Sandalia,Masculino,31-45,Oeste
2024-12-11,75.65,Sapato,Feminino,18-30,Sul
2024-05-14,374.51,Sapato,Masculino,18-30,Sul
2024-08-04,399.39,Tenis,Masculino,18-30,Oeste
2024-04-11,380.19,Sandalia,Masculino,45+,Leste
2024-10-24,116.03,Tenis,Masculino,45+,Sul
2024-02-13,254.25,Tenis,Masculino,45+,Norte
2024-04-20,228.72,Bota,Feminino,45+,Leste
2024-08-27,223.59,Bota,Masculino,45+,Sul
2024-10-05,80.73,Sapato,Masculino,45+,Sul
2024-01-12,405.64,Sandalia,Masculino,31-45,Norte
2024-04-29,52.22,Sapato,Masculino,45+,Oeste
2024-10-09,123.47,Sandalia,Feminino,45+,Sul
2024-02-18,363.57,Sapato,Feminino,18-30,Norte
2024-07-18,152.34,Tenis,Feminino,18-30,Centro
2024-08-27,431.16,Tenis,Masculino,45+,Oeste
2024-07-01,320.73,Tenis,Feminino,45+,Leste
2024-04-06,388.97,Bota,Feminino,18-30,Oeste
2024-12-22,151.61,Sandalia,Masculino,18-30,Sul
2024-12-04,388.12,Sandalia,Masculino,18-30,Sul
2024-03-28,426.22,Bota,Feminino,18-30,Norte
2024-01-03,293.91,Sandalia,Masculino,18-30,Sul
2024-09-21,62.33,Sapato,Feminino,18-30,Oeste
2024-09-23,198.49,Tenis,Feminino,18-30,Norte
2024-09-18,316.01,Bota,Feminino,31-45,Centro
2024-10-21,472.14,Tenis,Feminino,45+,Centro
2024-04-10,147.88,Sandalia,Masculino,45+,Centro
2024-04-27,69.67,Bota,Masculino,18-30,Norte
2024-02-29,318.19,Sandalia,Masculino,45+,Oeste
2024-06-13,293.45,Tenis,Masculino,18-30,Norte
2024-09-18,232.92,Sandalia,Feminino,31-45,Leste
2024-02-08,479.1,Bota,Feminino,31-45,Norte
2024-06-12,87.93,Sandalia,Feminino,45+,Sul
2024-03-29,478.0,Bota,Feminino,31-45,Centro
2024-07-26,65.75,Bota,Feminino,18-30,Norte
2024-12-06,292.52,Bota,Feminino,31-45,Leste
2024-09-22,475.54,Sapato,Masculino,18-30,Sul
2024-05-12,257.79,Sandalia,Feminino,45+,Oeste
2024-01-25,99.61,Sandalia,Feminino,18-30,Norte
2024-04-04,485.91,Tenis,Masculino,45+,Centro
2024-12-05,253.22,Bota,Masculino,45+,Sul
2024-03-18,417.02,Bota,Feminino,18-30,Norte
2024-09-24,356.71,Tenis,Masculino,45+,Sul
2024-03-22,232.6,Sandalia,Feminino,45+,Sul
2024-06-03,492.08,Sandalia,Masculino,31-45,Sul
2024-06-24,345.71,Sandalia,Masculino,31-45,Leste
2024-04-08,390.86,Bota,Masculino,18-30,Norte
2024-01-22,59.75,Bota,Masculino,18-30,Sul
2024-06-19,324.13,Tenis,Masculino,45+,Norte
2024-05-25,475.34,Sapato,Masculino,31-45,Sul
2024-04-11,158.91,Sapato,Masculino,45+,Centro
2024-09-01,162.63,Bota,Masculino,18-30,Norte
2024-07-02,432.59,Sandalia,Masculino,18-30,Norte
2024-04-10,475.39,Sandalia,Feminino,31-45,Centro
2024-07-15,217.08,Sapato,Feminino,45+,Norte
2024-04-21,354.09,Sandalia,Feminino,31-45,Sul
2024-08-14,462.04,Sapato,Masculino,18-30,Leste
2024-09-24,92.81,Bota,Feminino,18-30,Norte
2024-04-07,268.22,Bota,Masculino,31-45,Centro
2024-08-26,401.35,Sandalia,Masculino,31-45,Leste
2024-01-12,341.82,Sandalia,Masculino,45+,Norte
2024-01-26,106.93,Sapato,Masculino,31-45,Sul
2024-04-07,437.01,Sandalia,Feminino,45+,Oeste
2024-12-17,328.13,Bota,Masculino,18-30,Oeste
2024-10-28,477.8,Sandalia,Masculino,31-45,Leste
2024-09-19,320.81,Sandalia,Feminino,31-45,Centro
2024-03-30,416.56,Sandalia,Masculino,45+,Norte
2024-12-10,494.32,Bota,Feminino,45+,Oeste
2024-02-08,404.35,Sandalia,Masculino,45+,Oeste
2024-02-21,271.12,Sapato,Masculino,18-30,Norte
2024-01-17,314.81,Tenis,Masculino,31-45,Norte
2024-08-06,307.96,Sapato,Masculino,31-45,Centro
2024-09-16,72.26,Sapato,Masculino,45+,Norte
2024-12-12,223.38,Sapato,Feminino,18-30,Oeste
2024-05-02,240.02,Bota,Masculino,31-45,Norte
2024-09-15,108.33,Sapato,Feminino,18-30,Sul
2024-05-13,68.59,Sandalia,Feminino,45+,Oeste
2024-09-28,52.14,Bota,Feminino,45+,Leste
2024-11-30,210.56,Tenis,Feminino,18-30,Centro
2024-06-29,159.14,Sapato,Feminino,18-30,Oeste
2024-12-25,299.92,Tenis,Feminino,18-30,Norte
2024-09-20,465.77,Sandalia,Masculino,18-30,Centro
2024-06-28,67.57,Sandalia,Feminino,18-30,Centro
2024-12-24,245.87,Sapato,Masculino,18-30,Leste
2024-09-06,350.44,Sandalia,Masculino,45+,Sul
2024-07-02,87.89,Sandalia,Masculino,18-30,Sul
2024-04-23,325.39,Sandalia,Feminino,18-30,Norte
2024-07-24,216.09,Bota,Masculino,31-45,Sul
2024-11-07,394.37,Tenis,Masculino,45+,Centro
2024-03-29,161.43,Sapato,Feminino,45+,Norte
